Year,count_vacancies
2003,1983
2004,7833
2005,16022
2006,33321
2007,53562
2008,75070
2009,52889
2010,93494
2011,142458
2012,173897
2013,234019
2014,259571
2015,284763
2016,332460
2017,391464
2018,517670
2019,535956
2020,489472
2021,258108
